{
  "bodyTypeName": "male",
  "url": "https://liberatedpixelcup.github.io/Universal-LPC-Spritesheet-Character-Generator/#?body=Body_color_fur_tan&head=Goblin_fur_tan&clothes=none_Longsleeve&jacket=none_Tabard&sex=male&prosthesis_leg=none_Peg_leg&prosthesis_hand=none_Hook_hand&shadow=none_Shadow&weapon=Spear_medium&legs=Pants_black",
  "spritesheets": "https://liberatedpixelcup.github.io/Universal-LPC-Spritesheet-Character-Generator/spritesheets/",
  "version": 1,
  "datetime": "3/16/2025, 10:14:54 PM",
  "credits": [
    {
      "fileName": "body/bodies/male/fur_tan.png",
      "licenses": "OGA-BY 3.0,CC-BY-SA 3.0,GPL 3.0",
      "authors": "bluecarrot16,JaidynReiman,Benjamin K. Smith (BenCreating),Evert,Eliza Wyatt (ElizaWy),TheraHedwig,MuffinElZangano,Durrani,Johannes Sjölund (wulax),Stephen Challener (Redshrike)",
      "urls": "https://opengameart.org/content/liberated-pixel-cup-lpc-base-assets-sprites-map-tiles,https://opengameart.org/content/lpc-medieval-fantasy-character-sprites,https://opengameart.org/content/lpc-male-jumping-animation-by-durrani,https://opengameart.org/content/lpc-runcycle-and-diagonal-walkcycle,https://opengameart.org/content/lpc-revised-character-basics,https://opengameart.org/content/lpc-be-seated,https://opengameart.org/content/lpc-runcycle-for-male-muscular-and-pregnant-character-bases-with-modular-heads,https://opengameart.org/content/lpc-jump-expanded,https://opengameart.org/content/lpc-character-bases",
      "notes": "see details at https://opengameart.org/content/lpc-character-bases; 'Thick' Male Revised Run/Climb by JaidynReiman (based on ElizaWy's LPC Revised)"
    },
    {
      "fileName": "head/heads/goblin/adult/fur_tan.png",
      "licenses": "OGA-BY 3.0,CC-BY 4.0,GPL 2.0,GPL 3.0",
      "authors": "bluecarrot16,Stephen Challener (Redshrike),William.Thomsponj",
      "urls": "https://opengameart.org/content/lpc-goblin,https://opengameart.org/content/lpc-folk",
      "notes": "original goblin by Redshrike, commisioned by William.Thomsponj; modular head extracted and enlarged by bluecarrot16"
    },
    {
      "fileName": "legs/pants/male/black.png",
      "licenses": "OGA-BY 3.0,GPL 3.0,CC-BY-SA 3.0",
      "authors": "bluecarrot16,JaidynReiman,ElizaWy,Matthew Krohn (makrohn),Johannes Sjölund (wulax),Stephen Challener (Redshrike)",
      "urls": "https://opengameart.org/content/liberated-pixel-cup-lpc-base-assets-sprites-map-tiles,https://opengameart.org/content/lpc-medieval-fantasy-character-sprites,https://opengameart.org/content/lpc-expanded-pants",
      "notes": "original male pants by wulax, recolors and edits to v3 base by bluecarrot16, climb/jump/run/sit/emotes/revised combat by JaidynReiman based on ElizaWy's LPC Revised"
    },
    {
      "fileName": "weapon/polearm/spear/foreground/medium.png",
      "licenses": "CC-BY-SA 3.0",
      "authors": "Pierre Vigier (pvigier),Johannes Sjölund (wulax),Inboxninja",
      "urls": "https://opengameart.org/content/lpc-medieval-fantasy-character-sprites,https://opengameart.org/content/lpc-spear-and-shovel-reworked",
      "notes": "original by wulax, walk animations redone by pvigier, split into layers and tweaked for v3 character bases by bluecarrot16"
    },
    {
      "fileName": "weapon/polearm/spear/background/medium.png",
      "licenses": "CC-BY-SA 3.0",
      "authors": "Pierre Vigier (pvigier),Johannes Sjölund (wulax),Inboxninja",
      "urls": "https://opengameart.org/content/lpc-medieval-fantasy-character-sprites,https://opengameart.org/content/lpc-spear-and-shovel-reworked",
      "notes": "original by wulax, walk animations redone by pvigier, split into layers and tweaked for v3 character bases by bluecarrot16"
    }
  ],
  "layers": [
    {
      "fileName": "weapon/polearm/spear/background/medium.png",
      "zPos": 9,
      "parentName": "weapon",
      "name": "Spear",
      "variant": "medium",
      "supportedAnimations": "walk,thrust,hurt"
    },
    {
      "fileName": "body/bodies/male/fur_tan.png",
      "zPos": 10,
      "parentName": "body",
      "name": "Body_color",
      "variant": "fur_tan",
      "supportedAnimations": "spellcast,thrust,walk,slash,shoot,hurt,watering,idle,jump,run,sit,emote,climb,combat,1h_slash,1h_backslash,1h_halfslash"
    },
    {
      "fileName": "legs/pants/male/black.png",
      "zPos": 20,
      "parentName": "legs",
      "name": "Pants",
      "variant": "black",
      "supportedAnimations": "spellcast,thrust,walk,slash,shoot,hurt,watering,idle,jump,run,sit,emote,climb,combat,1h_slash,1h_backslash,1h_halfslash"
    },
    {
      "fileName": "head/heads/goblin/adult/fur_tan.png",
      "zPos": 100,
      "parentName": "head",
      "name": "Goblin",
      "variant": "fur_tan",
      "supportedAnimations": "spellcast,thrust,walk,slash,shoot,hurt,watering,idle,jump,run,sit,emote,climb,combat,1h_slash,1h_backslash,1h_halfslash"
    },
    {
      "fileName": "weapon/polearm/spear/foreground/medium.png",
      "zPos": 140,
      "parentName": "weapon",
      "name": "Spear",
      "variant": "medium",
      "supportedAnimations": "walk,thrust,hurt"
    }
  ]
}